name,resultv,latency,inlen,outlen,mem,tprocess2,tprocess3,tkafka,kafkalen,tdatabase,resulsetlen,numthread,tranrate,loadcpu,freemem
1678835162130,200,20504,8462,6889,25280.8203125,1797,2781,15020,920,906,5316,2,20,0.2647134562720665,524861440
1678835161648,200,25037,2062,4731,45680.6953125,3766,1047,20117,1540,107,7400,2,20,0.2647134562720665,527028224
1678835191213,200,50261,662,6658,30403.3671875,500,2410,47195,3590,156,12654,2,20,0.05329385319441297,492380160
1678835247677,200,48987,19002,15929,20228.71875,578,328,47956,3660,125,12857,2,20,0.008612517118884964,340275200
1678835193809,200,126282,2722,1369,28806.796875,453,360,125266,9620,203,17,2,20,0.024202045022464144,518500352
1678835326211,200,31381,16322,12739,43360.015625,262,104,30906,2350,109,9156,2,20,0.012910745631325646,610136064
1678835308790,200,69134,10502,5259,28827.3515625,547,515,67947,5220,125,17,2,20,0.006863746287246984,535261184
1678835363882,200,78951,7242,3629,24638.484375,159,438,78323,6020,31,17,2,20,0.008309472759858478,526553088
1678835449134,200,18738,17742,12376,32575.828125,94,187,18426,1410,31,7010,2,20,0.005907735201929086,662814720
1678835384315,200,111807,4342,2179,20578.671875,125,94,111556,8570,32,17,2,20,0.009961871033639668,493813760
1678835474041,200,98875,13762,6889,37779.0234375,141,125,98578,7570,31,17,2,20,0.006572879865592224,611291136
1678835503028,200,72256,562,289,25979.59375,78,16,72089,5540,73,17,2,20,0.007569954206362281,724455424
1678835579267,200,19742,3922,5571,35206.1796875,116,265,19330,1480,31,7220,2,20,0.005734640499129372,952692736
1678835605193,200,33886,16722,13219,51186.4921875,469,16,33323,2550,78,9716,2,20,0.008537504989370455,1061593088
1678835581346,200,78231,12382,6199,45788.4453125,78,47,78075,6000,31,17,2,20,0.03332818410420169,963330048
1678835645201,200,50345,15082,14143,31711.2109375,438,422,49392,3780,93,13205,2,20,0.006633159163783489,986947584
1678835701698,200,54299,5022,2519,51875.0546875,485,15,53768,4120,31,17,2,20,0.00705789345515837,985595904
1678835666285,200,111602,4262,2139,39378.5859375,125,156,111290,8550,31,17,2,20,0.007428767179897726,977879040
1678835762411,200,116066,942,479,34952.2890625,78,234,115678,8870,76,17,2,20,0.00592100604396526,942653440
1678835784075,200,121065,10982,5499,32144.2109375,234,63,120673,9270,95,17,2,20,0.007931097851981834,841633792
1678835884592,200,28406,17102,12849,44532.4609375,201,13,28130,2150,62,8596,2,20,0.00559377509432768,980652032
1678835919191,200,7163,462,1700,47100.4453125,348,16,6721,510,78,2938,2,20,0.015820185693795952,922923008
1678835911299,200,23099,14042,10946,56416.125,796,219,22053,1690,31,7850,2,20,0.00995751584861652,921972736
1678835932511,200,29477,8062,8427,23310.875,328,78,29040,2220,31,8792,2,20,0.01281488722243122,932294656
1678835940846,200,41330,15382,13361,45202.2578125,281,16,40892,3130,141,11340,2,20,0.01134600274998061,880283648
1678835968256,200,16098,17442,11911,50430.234375,187,188,15681,1200,41,6380,2,20,0.006266873339975897,856244224
1678835989009,200,72606,17422,8719,37383.3828125,1902,15,70659,5410,30,17,2,20,0.01110435218969439,874319872
1678835992012,200,122486,17402,8709,45671.6328125,438,125,121814,9350,109,17,2,20,0.017561202279132732,784367616
1678836072509,200,102843,3642,1829,30586.046875,578,47,102046,7810,172,17,2,20,0.007053340794148208,806187008
1678836124264,200,106694,16542,8279,21509.078125,110,0,106506,8180,78,17,2,20,0.006786838070959591,832782336
1678836237475,200,3922,18202,9848,24070.703125,250,108,3533,260,31,1495,2,20,0.0059936259987582105,798203904
1678836181456,200,75310,18682,9349,19519.7109375,828,47,74403,5710,32,17,2,20,0.00806719979220836,819318784
1678836249475,200,71702,3182,1599,52381.8359375,926,0,70713,5430,63,17,2,20,0.008460534863080784,783138816
1678836262927,200,88373,17122,8569,20481.78125,622,140,87579,6720,32,17,2,20,0.009764925228225925,729481216
1678836359109,200,29808,1402,5153,34126.2421875,281,31,29450,2260,46,8904,2,20,0.008379465028895377,670748672
1678836327298,200,120398,17382,8699,40042.8203125,125,125,120117,9220,31,17,2,20,0.0061988435645921516,700076032
1678836394985,200,107639,11422,5719,32163.1015625,172,13,107407,8250,47,17,2,20,0.006527940705893615,657252352
1678836454233,200,68627,4442,2229,22238.03125,703,16,67829,5210,79,17,2,20,0.006065376172900292,1010880512
1678836529395,200,83661,13882,6949,27164.71875,94,12,83524,6410,31,17,2,20,0.006442982422884189,1012064256
1678836508845,200,110469,4282,2149,19544.5234375,859,78,109501,8410,31,17,2,20,0.005723956429602665,1013235712
1678836619484,200,9311,12942,8375,23505.3515625,500,47,8670,660,94,3808,2,20,0.006052434878199551,1377349632
1678836636271,200,1895,10062,5408,25553.3515625,125,3,1735,130,32,754,2,20,0.011588921843662107,1047859200
1678836625527,200,77628,6702,3359,22210.125,328,31,77222,5930,47,17,2,20,0.009464592809031265,1176887296
1678836648271,200,119488,3962,1989,29750.90625,156,125,119097,9150,110,17,2,20,0.008463991034057317,1029529600
1678836709556,200,70693,19722,9869,22266.9765625,484,172,69990,5380,47,17,2,20,0.005229448929769492,975609856
1678836773948,200,62333,3622,1819,47889.03125,438,15,61849,4750,31,17,2,20,0.006922113442009909,873082880
1678836842349,200,9801,12802,8421,51741.25,546,16,9208,700,31,4040,2,20,0.003637131264566017,892633088
1678836786515,200,111395,7422,3719,47080.125,594,78,110645,8500,78,17,2,20,0.011799046985957245,846434304
1678836904189,200,10279,5742,5094,51909.7578125,63,62,10123,770,31,4446,2,20,0.006331757209785336,925143040
1678836858470,200,59090,18402,9209,33994.5,157,46,58856,4520,31,17,2,20,0.0072580044292175246,867549184
1678836923937,200,47166,14442,13432,61040.984375,1330,15,45743,3510,78,12422,2,20,0.018342069440903202,843030528
1678836977185,200,12523,2702,4038,19796.8125,219,0,12163,930,141,5374,2,20,0.004097495341489645,900620288
1678836920532,200,80836,19562,9789,18726.953125,78,31,80696,6200,31,17,2,20,0.008126151374311852,876068864
1678837007448,200,53551,10262,5139,35955.7890625,234,47,53239,4080,31,17,2,20,0.008825285868877103,810930176
1678837067098,200,19398,1842,4396,43462.9921875,1110,0,18178,1390,110,6950,2,20,0.00392213664061037,837218304
1678837092652,200,7094,11002,6999,46239.21875,250,0,6813,520,31,2996,2,20,0.005213611880238402,856576000
1678836995920,200,119387,3662,1839,47787.1484375,328,141,118886,9130,32,17,2,20,0.008818654187018798,817389568
1678837105823,200,51352,6662,10151,37744.765625,109,4,51145,3930,94,13640,2,20,0.006483531573291753,821231616
1678837163391,200,38799,6642,8753,18425.546875,79,93,38580,2960,47,10864,2,20,0.005223740943809275,927092736
1678837121491,200,96320,10302,5159,33195.3515625,63,83,96143,7390,31,17,2,20,0.011519877299450854,856641536
1678837224159,200,34115,15262,12447,49487.8828125,1250,16,32817,2520,32,9632,2,20,0.006909942902107283,852430848
1678837208353,200,120666,10882,5449,19082.953125,94,53,120488,9260,31,17,2,20,0.005039456007225632,844333056
1678837335228,200,10074,5362,4788,24033.9453125,500,32,9511,730,31,4214,2,20,0.0044469079223359445,772902912
1678837264946,200,98649,4442,2229,24634.5625,813,140,97665,7500,31,17,2,20,0.0036395291733183673,844644352
1678837369741,200,126383,2822,1419,75688.796875,250,110,124836,6830,1187,17,2,20,0.008655166346342422,772669440
1678837351621,200,161590,15182,7599,31581.265625,109,47,161294,9690,140,17,2,20,0.007599124053225894,775372800
1678837502183,200,20447,3842,5651,40700.875,47,15,20354,1560,31,7460,2,20,0.0035379211987456092,545247232
1678837519372,200,11145,6442,5589,45319.0234375,265,32,10814,820,34,4736,2,20,0.010922566385072031,525189120
1678837528808,200,5739,17602,9951,47101.65625,313,109,5264,400,53,2300,2,20,0.007436477097041328,565882880
1678837537807,200,27710,18822,13653,59723.484375,120,10,27533,2110,47,8484,2,20,0.013925022000142258,530194432
1678837571613,200,89469,9502,4759,62487.203125,172,110,89171,6850,16,17,2,20,0.005321878103100958,537075712
1678837540799,200,120874,222,119,53013.9375,469,0,120374,9250,31,17,2,20,0.01565856517836417,513077248
1678837667323,200,112853,19382,9699,26539.1171875,344,31,112297,8590,181,17,2,20,0.003837305371166164,563011584
1678837667763,200,114314,7522,3769,49704.875,78,141,113709,8730,386,17,2,20,0.0781245156280031,549507072
1678837786258,200,67749,18862,9439,22303.1640625,2735,6065,58707,4480,242,17,2,20,0.00690071304321036,393826304
1678837861738,200,2673,3542,2319,24746.4609375,70,19,2556,190,28,1096,2,20,0.00642121468501008,514691072
1678837789954,200,79130,322,169,57390.7109375,2685,3907,72512,5570,26,17,2,20,0.014185238699891325,439189504
1678837875244,200,34802,1322,5589,28007.6171875,72,73,34180,2600,477,9856,2,20,0.03840416483380047,456851456
1678837916139,200,14267,13662,9781,33733.734375,175,448,13561,1040,83,5900,2,20,0.0062830528333623695,481611776
1678837873741,200,101648,4542,2279,53165.203125,64,144,101408,7790,32,17,2,20,0.013004579884279464,467939328
1678837936638,200,54132,18262,9139,26592.5078125,493,21,53588,4110,30,17,2,20,0.007679247018007085,476631040
1678837981570,200,96019,6702,3359,30948.8984375,549,10,95433,7310,27,17,2,20,0.007292716023678331,797581312
1678837996855,200,102795,10322,5169,42905.28125,77,28,102629,7890,61,17,2,20,0.00912082776449371,777064448
1678838083736,200,117130,19402,9709,21135.421875,80,40,116982,8960,28,17,2,20,0.006307129379644547,588746752
1678838105927,200,97219,16502,8259,34865.1015625,67,40,97087,7460,25,17,2,20,0.00668968774027105,530403328
1678838206971,200,22067,9862,8766,44901.0,96,650,21288,1630,33,7670,2,20,0.006338951538454509,497287168
1678838209244,200,55726,3902,1959,23959.5703125,253,133,55309,4240,30,17,2,20,0.02091700040531011,446083072
1678838235251,200,31906,6982,8167,37447.640625,91,169,31616,2420,30,9352,2,20,0.006302084652969853,435503104
1678838273265,200,39517,13922,12421,58525.546875,319,237,38929,2980,32,10920,2,20,0.017423049665493056,818573312
1678838318956,200,28852,9442,9089,29653.328125,101,36,28683,2200,32,8736,2,20,0.005989171866388563,694870016
1678838271060,200,79342,5882,2949,25645.84375,385,94,78831,6050,32,17,2,20,0.008294322961370594,801619968
1678838356495,200,6288,9302,5946,29508.265625,163,144,5949,450,32,2590,2,20,0.016344144994835982,622071808
1678838368852,200,12174,5022,5111,34128.71875,297,0,11846,900,15,5200,2,20,0.007565926334654827,597458944
1678838354034,200,77362,18502,9259,29644.421875,63,34,76390,5860,875,17,2,20,0.008230799016227282,658722816
1678838437535,200,57864,10902,5459,52273.8203125,328,235,57269,4390,32,17,2,20,0.005125618830313117,529752064
1678838387208,200,115207,3842,1929,48129.5546875,62,219,114895,8830,31,17,2,20,0.005512094755678126,543358976
1678838566491,200,14602,282,3121,57571.53125,590,66,13914,1060,32,5960,6,60,0.004160997223049107,469397504
1678838567326,200,13053,962,3284,19643.1171875,222,134,12661,970,36,5606,6,60,0.042035037717198645,762576896
1678838566994,200,20544,3162,5266,27574.8125,185,374,19953,1530,32,7370,6,60,0.05526085555298654,699015168
1678838566660,200,30159,10442,9533,40021.0859375,1863,119,28144,2160,33,8624,6,60,0.032417106605703835,454991872
1678838566826,200,41306,14322,12705,60305.921875,1594,19,39604,3040,89,11088,6,60,0.03212349434869096,466767872
1678838591761,200,48409,18222,15539,39948.2890625,303,225,47792,3660,85,12857,6,60,0.012434029020904368,1074970624
1678838611377,200,40545,12642,11949,60964.2109375,136,29,40339,3100,41,11256,6,60,0.008954139886459787,1081790464
1678838567159,200,94632,2342,1179,65934.859375,1471,249,92883,7140,29,17,6,60,0.03493980871634296,725909504
1678838582312,200,103213,15522,7769,40799.7890625,241,46,102895,7890,31,17,6,60,0.012061945304489348,1060102144
1678838600000,200,92110,15662,7839,52530.3828125,227,79,91695,7040,109,17,6,60,0.009461073631130995,1087164416
1678838646291,200,60256,9302,4659,37564.078125,1395,37,58795,4510,29,17,6,60,0.00670475127496835,1025531904
1678838586755,200,127390,3102,1559,29041.5546875,71,10,127282,9780,27,17,6,60,0.01961145953234231,1119907840
1678838720233,200,22399,15362,11606,39117.109375,193,38,22139,1690,29,7850,6,60,0.018558122131565914,763465728
1678838658017,200,87465,9862,4939,32610.515625,62,14,87355,6710,34,17,6,60,0.008643576782668085,1013653504
1678838698280,200,53799,8522,4269,52621.09375,62,16,53690,4110,31,17,6,60,0.017627680817698756,766898176
1678838712685,200,41282,1642,6435,19366.8984375,335,72,40781,3090,94,11228,6,60,0.008697555652875406,760958976
1678838666898,200,89350,14122,7069,23985.8984375,81,101,89144,6850,24,17,6,60,0.01324673131429504,1036447744
1678838691681,200,74889,1122,569,59170.0625,1266,63,73544,5650,16,17,6,60,0.006320626784823649,743186432
1678838758185,200,25862,15302,11921,28111.6171875,765,29,25036,1920,32,8540,6,60,0.027462877220494463,713224192
1678838748742,200,45147,18642,15445,52956.625,66,140,44910,3450,31,12248,6,60,0.007395559319643252,738766848
1678838760053,200,60748,5962,2989,35030.2890625,72,2,60659,4650,15,17,6,60,0.03419035141718459,771780608
1678838751639,200,74782,6282,3149,27384.625,203,0,74547,5720,32,17,6,60,0.012318833518340531,729501696
1678838826884,200,13211,10002,7891,33593.453125,172,0,13024,1000,15,5780,6,60,0.0075363236236162204,671866880
1678838762373,200,98153,2222,1119,50728.953125,47,62,98028,7530,16,17,6,60,0.020173793736246854,734416896
1678838790177,200,88657,11142,5579,57158.78125,219,0,88407,6790,31,17,6,60,0.007078406672629365,729841664
1678838772638,200,116115,9582,4799,40423.71875,47,0,116037,8900,31,17,6,60,0.009125985796286503,758120448
1678838800120,200,96108,3322,1669,38635.265625,156,94,95827,7360,31,17,6,60,0.009551532863105852,712482816
1678838847140,200,60802,10822,5419,63259.5234375,110,31,60617,4660,44,17,6,60,0.005481636779905881,673267712
1678838832907,200,92059,15602,7809,56363.3515625,500,156,91378,7020,25,17,6,60,0.006710820558851538,666738688
1678838914143,200,21937,14942,11351,65722.40625,180,38,21690,1660,28,7760,6,60,0.010552973533724901,1019584512
1678838931034,200,14030,17222,11606,70932.9375,60,3,13935,1070,32,5990,6,60,0.009691181210873433,982966272
1678838866618,200,89155,1122,569,61105.1171875,422,0,88701,6810,29,17,6,60,0.006423695770068281,687124480
1678838902304,200,54059,17262,8639,21251.203125,78,84,53873,4130,24,17,6,60,0.018311186167653103,1052381184
1678838885610,200,114786,15902,7959,54321.390625,93,63,114614,8810,16,17,6,60,0.00821096948106925,975749120
1678838942148,200,63205,3222,1619,33709.0859375,73,3,63092,4850,37,17,6,60,0.009119773677141415,988827648
1678838962448,200,52373,1302,659,52486.8515625,57,260,52025,4000,31,17,6,60,0.07773669226601587,1009180672
1678838894954,200,121710,19022,9519,48420.3828125,234,125,121304,9320,47,17,6,60,0.013289295937779048,1014661120
1678839006700,200,44173,15442,13729,25437.8046875,222,13,43906,3370,32,12016,6,60,0.00476267238037581,1019408384
1678838961852,200,95939,6742,3379,32057.265625,512,7,95357,7330,63,17,6,60,0.019028050282876966,1016786944
1678838951170,200,119855,14242,7129,21013.8125,71,19,119749,9200,16,17,6,60,0.012133839146816991,1028440064
1678839063917,200,9081,7682,5803,23852.359375,63,125,8862,680,31,3924,6,60,0.01435146883418189,957890560
1678839011485,200,79913,22,19,19983.25,93,32,79760,6130,28,17,6,60,0.011566411846408373,1037889536
1678839022824,200,88260,482,249,21761.421875,94,16,88072,6770,78,17,6,60,0.013035110400085427,1015955456
1678839117148,200,21440,16242,11956,31125.125,109,0,21299,1630,32,7670,6,60,0.005479344523379975,934785024
1678839020947,200,123979,18662,9339,35477.984375,187,16,123745,9510,31,17,6,60,0.01808809484692883,1019461632
1678839057362,200,92792,19542,9779,43823.9375,485,0,92243,7090,64,17,6,60,0.0022589390504790196,947908608
1678839077165,200,74793,9222,4619,34185.6171875,62,125,74580,5730,26,17,6,60,0.009441909715522662,948277248
1678839079100,200,127781,2522,1269,46137.21875,469,47,127250,9760,15,17,6,60,0.012195116240335807,969854976
1678839158059,200,50569,15422,14444,29470.515625,125,1,50410,3870,33,13466,6,60,0.017666211490838867,912265216
1678839151207,200,72871,17582,8799,63407.421875,234,36,72585,5580,16,17,6,60,0.022211953859247867,937472000
1678839213922,200,16198,5802,6136,23748.578125,94,16,16026,1230,62,6470,6,60,0.03429645836662376,1241362432
1678839143828,200,130563,7902,3959,33317.3671875,844,47,129640,9960,32,17,6,60,0.005269198410119565,923496448
1678839156262,200,121049,17522,8769,28543.2421875,442,39,120544,9260,24,17,6,60,0.02171401877897829,917606400
1678839229442,200,86829,11522,5769,30743.0234375,62,78,86658,6660,31,17,6,60,0.003529245462389011,1208901632
1678839212953,200,107862,19082,9549,54569.234375,338,4,107504,8260,16,17,6,60,0.003978534913857299,1239384064
1678839326170,200,13480,2162,3986,60160.0859375,219,62,13168,1010,31,5810,6,60,0.003474617123409901,1176494080
1678839282419,200,117118,4662,2339,41264.8203125,250,78,116759,8970,31,17,6,60,0.013267694264093433,1179725824
1678839279498,200,128171,2462,1239,29284.2734375,53,80,128007,9840,31,17,6,60,0.005892371572126787,1179078656
1678839342703,200,70981,2262,1139,61296.7109375,172,32,70762,5440,15,17,6,60,0.005194306941674517,1132298240
1678839411830,200,70596,16902,8459,38143.6796875,47,187,70346,5400,16,17,6,60,0.0037846498094597546,1132236800
1678839703275,200,116178,15062,374070,259231.046875,657,876,2906,21,111739,733078,6,60,0.22027754547797337,585330688
1678839703929,200,123072,602,366840,121322.2421875,609,266,6814,226,115383,733078,6,60,0.17919725628158611,551673856
1678839703760,200,125777,16922,375000,129474.375,1062,69,2172,240,122474,733078,6,60,0.17919725628158611,553910272
1678839703611,200,127361,102,366590,311237.5078125,326,609,3479,260,122947,733078,6,60,0.22027754547797337,585134080
1678839703442,200,128403,13262,373170,230862.59375,611,705,3078,9,119289,733078,6,60,0.22027754547797337,583892992
1678839703127,200,131521,17442,375260,117752.3125,525,740,7814,177,122442,733078,6,60,0.22027754547797337,580460544
1678839895464,200,79885,19962,376520,81434.53125,1422,1044,594,130,76825,733078,6,60,0.19071418010500346,588406784
1678839894721,200,92165,18182,375630,199403.53125,797,1998,11266,198,78104,733078,6,60,0.19071418010500346,534708224
1678839895593,200,110388,8642,370860,75840.375,984,719,11642,36,97043,733078,6,60,0.19071418010500346,587833344
1678839894891,200,115701,5942,369510,399085.0234375,812,1976,11032,35,101662,733078,6,60,0.19071418010500346,534134784
1678839895056,200,117916,17342,375210,443950.203125,1547,1165,11282,158,103922,733078,6,60,0.19071418010500346,532307968
1678839895220,200,119966,15022,374050,256598.8984375,1422,1242,11282,160,106020,733078,6,60,0.19071418010500346,540102656
1678839981483,200,50777,842,366960,311705.53125,16923,109,821,276,32924,733078,6,60,0.4793178919207872,514887680
1678839993429,200,61774,18122,375600,363611.1484375,22728,7989,11153,17,19904,733078,6,60,0.40848570539523715,475422720
1678840019367,200,118951,13702,373390,78223.0625,6729,24586,395,200,87241,733078,6,60,0.3330262923855109,594325504
1678840012105,200,131543,16282,374680,166532.3359375,743,22165,20642,257,87993,733078,6,60,0.30868359918225435,559493120
1678840016966,200,121930,202,366640,128976.09375,743,9941,20592,250,90654,733078,6,60,0.3330262923855109,593633280
1678840021357,200,124515,2622,367850,103897.59375,6761,24602,4735,129,88417,733078,6,60,0.3330262923855109,596561920
1678840039383,200,110056,6222,369650,70916.078125,13436,11141,297,204,85182,733078,6,60,0.32558160909030504,529952768
1678840061300,200,104078,11242,372160,227301.53125,17217,7278,4661,296,74922,733078,6,60,0.29922966805299994,517279744
1678840149704,200,59275,11302,372190,591706.0859375,11880,5071,914,225,41410,733078,6,60,0.5404546441905927,547405824
1678840150050,200,121626,1402,367240,72375.578125,185,11194,26090,49,84157,733078,6,60,0.4237646980188241,545927168
1678840165551,200,149489,12222,372650,163801.6015625,13379,25298,828,246,109984,733078,6,60,0.3300539918984969,545660928
1678840152650,200,165911,11802,372440,81415.8046875,873,11273,38952,293,114813,733078,6,60,0.4237646980188241,549683200
1678840155125,200,166927,8902,370990,102956.046875,858,11262,38791,34,116016,733078,6,60,0.4237646980188241,549969920
1678840171786,200,139746,13602,373340,144302.0234375,10979,12519,6625,279,109623,733078,6,60,0.18391027268622093,536375296
1678840215270,200,121797,2302,367690,405468.28125,10839,7814,297,228,102847,733078,6,60,0.36477297939556863,591163392
1678840288910,200,61781,7182,370130,339501.5859375,13615,5315,484,11,42367,733078,1,20,0.4662296855252336,485765120
1678840354214,200,22723,1242,367160,116320.6015625,62,31,453,144,22177,733078,1,20,0.3836217477099453,374845440
1678840380038,200,23315,9842,371460,124580.03125,469,94,141,41,22611,733078,1,20,0.26385990254017505,328507392
1678840406550,200,28549,19462,376270,284381.03125,247,118,224,221,27960,733078,1,20,0.2556290047981877,284131328
1678840438437,200,23659,7842,370460,300882.6640625,290,1580,250,67,21539,733078,1,20,0.21365623951331855,310063104
1678840465317,200,20212,6242,369660,186225.53125,142,56,50,183,19964,733078,1,20,0.24670210028762482,321175552
1678840488692,200,24863,6442,369760,374735.046875,101,132,227,32,24403,733078,1,20,0.2842458503757003,606584832
1678840516784,200,19452,7302,370190,319501.546875,100,46,134,284,19172,733078,1,20,0.2412589801027548,631406592
1678840539393,200,29551,11162,372120,88182.3359375,89,146,577,106,28739,733078,1,20,0.2890598507578133,601497600
1678840572048,200,23399,5162,369120,288937.53125,99,276,129,257,22895,733078,1,20,0.2065610332923445,527720448
1678840961835,200,61773,11302,372190,221874.53125,173,789,6298,70,54513,733078,3,30,0.022074847837593017,563187712
1678840961746,200,62081,19342,376210,211127.1328125,6078,541,672,49,54790,733078,3,30,0.022074847837593017,562606080
1678840962175,200,62810,842,366960,201411.75,6094,431,610,83,55675,733078,3,30,0.022074847837593017,550989824
1678841030178,200,56637,15962,374520,152785.5703125,125,2052,1969,44,52491,733078,3,30,0.41675505445459826,473403392
1678841031302,200,58460,9142,371110,121567.546875,406,1016,3375,224,53663,733078,3,30,0.06791632118086857,404242432
1678841030469,200,60383,19142,376110,130278.1171875,422,1782,3437,21,54742,733078,3,30,0.41675505445459826,486055936
1678841093097,200,21473,9982,371530,89770.03125,157,62,125,177,21129,733078,3,30,0.4279501842832149,452665344
1678841097087,200,58793,10702,371890,264884.8828125,4563,6965,3798,195,43467,733078,3,30,0.34199616371006797,427360256
1678841095946,200,67993,4062,368570,387251.8984375,4282,14734,4095,207,44882,733078,3,30,0.29459838026930013,437837824
1678841120677,200,59006,6902,369990,352466.6328125,15862,10834,6199,8,26111,733078,3,30,0.22245002737109879,503570432
1678841168834,200,33886,242,366660,718032.9921875,11715,264,51,51,21856,733078,3,30,0.41855605613410146,602894336
1678841170060,200,63567,10402,371740,95195.59375,23599,3586,4811,77,31571,733078,3,30,0.3132376685675615,591409152
1678841186885,200,62620,13022,373050,211184.515625,11095,10405,3170,8,37950,733078,3,30,0.31784888008930134,556609536
1678841208916,200,54771,3602,368340,100499.625,13835,3432,460,27,37044,733078,3,30,0.3170437745016713,535805952
1678841239865,200,51684,11422,372250,350736.53125,11779,2801,438,273,36666,733078,3,30,0.46044620914602846,532840448
1678841255706,200,51152,15942,374510,441899.21875,14626,243,91,200,36192,733078,3,30,0.40844548642673034,512712704
1678841272697,200,51491,18262,375670,555530.7890625,11927,7639,5866,279,26059,733078,3,30,0.3526657859060576,437870592
1678841297904,200,48604,10242,371660,229158.1015625,13427,9976,537,158,24664,733078,3,30,0.37535344807532256,656809984
1678841313278,200,86559,4162,368620,208717.53125,20104,4022,5067,30,57365,733078,3,30,0.38585858733116524,636571648
1678841330510,200,86262,18102,375590,267767.1015625,13852,11559,7241,87,53610,733078,3,30,0.32269749540210135,525197312
1678841353409,200,64994,1862,367470,210946.140625,13401,517,402,84,50674,733078,3,30,0.2749788627022556,426160128
1678841406430,200,42018,8902,370990,352521.53125,7074,6177,2706,281,26061,733078,3,30,0.37990069677980887,354004992
1678841423060,200,68529,5422,369250,312164.3203125,11945,13951,1364,110,41269,733078,3,30,0.2930397577403069,317804544
1678841426364,200,64311,19222,376150,189788.921875,13255,9227,152,38,41677,733078,3,30,0.11287405740229152,340951040
1678841455211,200,49450,722,366900,160301.0234375,14974,12,252,295,34212,733078,3,30,0.2988916724627801,883986432
1678841497957,200,32409,12742,372910,299784.03125,95,9032,702,112,22580,733078,3,30,0.4708428900764892,795086848
1678841498484,200,60760,12902,372990,108305.7421875,16729,587,5880,142,37564,733078,3,30,0.2417105514499175,794832896
1678841510955,200,59635,16902,374990,148955.7578125,337,19767,640,112,38891,733078,3,30,0.23253331243760514,796745728
1678841536731,200,48755,10602,371840,79081.1015625,15452,5967,152,103,27184,733078,3,30,0.3356364114198852,720007168
1678841574728,200,36874,18202,375640,72955.046875,3595,7485,797,213,24997,733078,3,30,0.4690516714182224,617148416
1678841645677,200,32889,2702,367890,635223.703125,109,8,202,236,32570,733078,4,30,0.1675993869780247,966754304
1678841645909,200,50594,3042,368060,165604.5703125,11215,13528,969,246,24882,733078,4,30,0.1714940558076922,688062464
1678841646437,200,112270,6902,369990,113886.953125,32581,5297,766,261,73626,733078,4,30,0.27930786557963266,516374528
1678841646165,200,122287,19822,376450,98856.6796875,33237,4641,1781,58,82628,733078,4,30,0.27930786557963266,516571136
1678841680743,200,102536,12322,372700,120463.703125,735,13001,1140,192,87660,733078,4,30,0.2573472351003251,476450816
1678841700856,200,126125,18962,376020,314183.1875,14423,9860,1072,66,100770,733078,4,30,0.3628036181820937,403337216
1678841776267,200,119521,12222,372650,197901.78125,14031,547,5064,252,99879,733078,4,30,0.35450190372599016,324190208
1678841786275,200,126961,16842,374960,333784.21875,15644,4232,524,61,106561,733078,4,30,0.11757481415113019,345362432
1678841791429,200,125680,842,366960,356656.0,20772,5053,626,139,99229,733078,4,30,0.06733650476482007,309526528
1678841835285,200,94162,2022,367550,168956.03125,14422,4624,7852,253,67264,733078,4,30,0.22657686039454628,286748672
1678841905921,200,136015,18982,376030,95153.53125,3959,21803,4696,216,105557,733078,4,30,0.2765973145585876,262791168
1678841922141,200,129878,19982,376530,173555.5234375,3928,11369,4759,261,109822,733078,4,30,0.38370698331182185,377823232
1678841926226,200,121027,16462,374770,80890.25,1187,7234,954,281,111652,733078,4,30,0.23999509216932147,502816768
1678841938009,200,119169,11342,372210,247341.5234375,10675,1954,375,241,106165,733078,4,30,0.012633127901829477,544243712
1678842204780,200,87316,16822,14123,24161.875,447,83852,2157,95,860,11424,4,30,0.3653743624178915,691523584
1678842205292,200,145249,13042,6529,28674.046875,78,144780,360,165,31,17,4,30,0.3653743624178915,691920896
1678842205025,200,180693,16102,8059,19455.3984375,141,180380,141,206,31,17,4,30,0.3653743624178915,691658752
1678842361669,200,42827,2242,4941,25268.828125,94,42405,297,49,31,7640,4,30,0.005831308485325045,944295936
1678842305375,200,106494,17382,8699,26648.515625,91,106010,359,122,34,17,4,30,0.019144728095309985,1040031744
1678842205525,200,214588,19142,9579,28697.7421875,251,214103,109,244,125,17,4,30,0.3653743624178915,690929664
1678842397133,200,52884,7202,7717,25516.296875,78,52571,188,61,47,8232,4,30,0.00948140125507434,893997056
1678842412699,200,118310,18042,9029,19661.015625,78,118029,125,136,78,17,4,30,0.01494685224584881,913473536
1678842431076,200,139904,682,349,20472.1875,93,139670,110,162,31,17,4,30,0.012726126987118553,882679808
1678842420021,200,168602,11502,5759,22337.453125,94,168305,172,195,31,17,4,30,0.009796119367189568,901902336
1678842539303,200,56393,4582,6589,29099.453125,94,55971,282,65,46,8596,4,30,0.005296465857526886,897662976
1678842458141,200,170475,19302,9659,21631.5078125,516,168271,1516,193,172,17,4,30,0.010948242605798497,857341952
1678842636731,200,121368,14142,7079,26108.28125,281,120915,78,140,94,17,4,30,0.007607624693769143,940826624
1678842603783,200,166500,13602,6809,27955.8984375,94,166234,125,192,47,17,4,30,0.012442288773624893,990965760
1678842579090,200,209699,1642,829,29851.84375,501,208556,313,241,329,17,4,30,0.006482015910380061,1012240384
1678842596697,200,195532,9102,4559,19984.28125,506,193723,1255,224,48,17,4,30,0.012656576975246782,981790720
1678842800588,200,45796,4082,6056,27175.0078125,188,45515,62,53,31,8030,4,30,0.01707354938138979,834572288
1678842854492,200,50749,702,4636,21877.2734375,234,50265,188,58,62,8570,4,30,0.0066673836550735785,1379323904
1678842796875,200,124370,5642,2829,24124.734375,110,124120,109,143,31,17,4,30,0.016997456941117414,838557696
1678842766209,200,168936,14982,7499,26042.6171875,250,168608,47,195,31,17,4,30,0.004827582325653537,896204800
1678842913328,200,86279,1682,6749,26850.4765625,94,85935,109,99,141,11816,4,30,0.005047105556324208,1357758464
1678842778526,200,232100,11682,5849,28788.84375,156,231819,78,267,47,17,4,30,0.012665519698818562,846008320
1678843007687,200,20142,15822,10105,19617.8125,94,19793,208,23,47,4388,4,30,0.005212303807779182,1270386688
1678842929444,200,149265,18182,9099,22531.671875,531,148562,94,171,78,17,4,30,0.009669268862365684,1333374976
1678843018728,200,70332,12222,11165,31291.7265625,234,69973,94,81,31,10108,4,30,0.012772694646465708,1220820992
1678843113163,200,39443,15402,11281,37988.90625,750,38318,297,44,78,7160,2,20,0.018062265687258373,1088458752
1678842943231,200,250169,7722,3869,19264.5234375,110,249715,313,288,31,17,4,30,0.010202374407573964,1309143040
1678843035928,200,212129,822,419,21674.21875,93,211536,469,244,31,17,4,30,0.00769524029058108,1226289152
1678843158711,200,131862,3102,1559,23790.6484375,125,130298,1408,151,31,17,2,20,0.00600445868950977,1251405824
1678843112674,200,196483,15762,7889,25711.0390625,312,196015,110,226,46,17,2,20,0.00707939267471671,1079468032
1678843296673,200,141680,10342,5179,30052.0859375,94,141289,266,163,31,17,2,20,0.00628444759596384,1138065408
1678843312276,200,154892,8102,4059,32356.4921875,141,154439,265,178,47,17,2,20,0.009024854188519381,1112797184
1678843444455,200,36723,7322,7061,37200.0234375,94,36504,94,41,31,6800,2,20,0.0037214377680710644,1115971584
1678843473281,200,78390,6122,8549,27257.515625,63,78046,234,90,47,10976,2,20,0.006522438971121326,1156300800
1678843487372,200,108923,11262,5639,29788.2421875,469,108235,78,125,141,17,2,20,0.009417335843790916,1135603712
1678843602445,200,193958,10622,5319,35672.125,94,193661,172,224,31,17,2,20,0.0055918097058486,1118052352
1678843557770,200,240248,1322,669,37017.9921875,317,239859,38,277,34,17,2,20,0.004994986812787264,1116786688
1678843802537,200,91339,13442,12845,30126.6953125,422,89745,1110,104,62,12248,2,20,0.004764201554241725,1248890880
1678843804110,200,98393,1762,7469,22605.9140625,250,98050,62,114,31,13176,2,20,0.024472965869727702,1243017216
1678843908632,200,54214,15502,11923,30718.234375,218,53871,63,62,62,8344,2,20,0.014569823343223133,1173684224
1678843968932,200,5861,18102,9656,32698.1796875,79,5516,235,7,31,1210,2,20,0.005051732451136995,1113329664
1678843899971,200,240439,3182,1599,37945.5625,157,240001,140,277,141,17,2,20,0.004561637353256597,1155256320
1678843980935,200,182685,12162,6089,39700.625,375,182122,156,209,32,17,2,20,0.011642353458721545,1116917760
1678844171414,200,81766,602,5971,30489.609375,172,81389,126,94,79,11340,3,30,0.01755616872870282,1105260544
1678844171748,200,96224,19502,16179,21595.0859375,727,95413,38,110,46,12857,3,30,0.030211684816235613,1073557504
1678844171081,200,104820,5362,2689,23047.9140625,445,104287,57,121,31,17,3,30,0.005202661995406044,1109716992
1678844278123,200,59592,9202,9067,32026.546875,70,59319,172,69,31,8932,3,30,0.01549826756645558,1052250112
1678844257317,200,116413,1582,799,34563.34375,524,115071,724,133,94,17,3,30,0.005571709028389652,1053638656
1678844379806,200,48707,8642,8456,19255.6484375,79,48307,258,55,63,8270,3,30,0.00762871744000623,1103224832
1678844343960,200,122106,16702,8359,21715.5703125,125,121571,379,141,31,17,3,30,0.005225599807723466,1048891392
1678844434664,500,47517,13942,6979,25673.015625,114,47341,27,269,35,17,3,30,0.007099959431399806,1033617408
1678844274070,500,208252,13482,6749,26216.859375,125,208000,71,274,56,17,3,30,0.011577673272532604,1041723392
1678845053309,200,192753,9122,4569,22022.75,625,187941,2843,213,1344,17,2,20,0.24999869091594576,825540608
1678845052819,200,238061,12962,6489,28085.6953125,437,237468,125,274,31,17,2,20,0.24999869091594576,825540608
1678845254591,200,92994,13802,13155,21982.328125,282,92212,328,107,172,12509,2,20,0.009592016196021206,565477376
1678845516230,200,12523,3722,3156,21643.6640625,297,11758,437,14,31,2590,6,20,0.012879807385015303,1222397952
1678845297869,200,243353,1342,679,22895.25,297,242821,203,280,32,17,2,20,0.007440609568371751,1368768512
1678845353941,200,210800,16722,8369,24926.3125,297,209886,570,242,47,17,2,20,0.007932340774610148,1277861888
1678845515546,200,59852,13502,11231,32437.7578125,79,59477,265,69,31,8960,6,20,0.020196950971336003,1223278592
1678845515398,200,178342,13202,6609,23471.3984375,62,177624,578,204,78,17,6,20,0.0046326482471647145,1213235200
1678845552237,200,137559,20002,10009,25130.5546875,106,136813,596,158,44,17,6,20,0.008145718045642505,1215561728
1678845515713,200,186605,1662,839,26611.703125,64,186177,332,215,32,17,6,20,0.017624084836664413,1218310144
1678845516064,200,186773,15762,7889,28315.4765625,563,186089,79,215,42,17,6,20,0.012879807385015303,1199251456
1678845515928,200,232927,6602,3309,30869.734375,172,232458,250,269,47,17,6,20,0.01682932630471939,1201172480
1678845708155,200,37799,6682,6876,22424.3203125,257,37327,173,43,42,7070,6,20,0.014691608792436575,1219563520
1678845761006,200,5929,2762,1900,24642.859375,406,5007,485,6,31,1039,6,20,0.007010751893506247,1210675200
1678845581622,200,205865,14802,7409,26509.1640625,63,205689,71,238,42,17,6,20,0.010988371292037679,1334738944
1678845696976,200,99909,582,6951,27261.5390625,116,99345,402,115,46,13321,6,20,0.005892369184096375,1242849280
1678845720927,200,98636,13702,13439,27640.0703125,234,98121,219,114,62,13176,6,20,0.008350856146340221,1239683072
1678845814998,200,8584,11682,6759,29303.078125,156,8352,44,10,32,1837,6,20,0.007465821191859675,1223389184
1678845805598,200,60155,9762,9389,37681.2734375,109,59874,141,69,31,9016,6,20,0.009297732200701151,1201291264
1678845850998,200,20744,7102,5803,20226.5390625,165,20455,75,24,49,4504,6,20,0.008795521029102868,1185480704
1678845711451,200,179314,9222,4619,22311.9453125,79,179157,46,207,32,17,6,20,0.020664771253436194,1223303168
1678845797014,200,110641,17922,8969,24049.2421875,98,110415,73,128,55,17,6,20,0.0110904700463405,1201770496
1678845908979,200,8414,14582,8152,26042.015625,291,8048,39,9,36,1723,6,20,0.010163344835893717,1252790272
1678845889843,200,65589,7982,8793,35102.6328125,110,65354,93,76,32,9604,6,20,0.014758005798481657,1255460864
1678845837644,200,119069,9362,4689,36497.3515625,97,118889,49,138,34,17,6,20,0.010335709215397273,1202581504
1678845764055,200,195974,13622,6819,38051.1328125,94,195536,309,226,35,17,6,20,0.01797464981931019,1221836800
1678845974847,200,13821,1582,2260,20588.421875,188,13289,313,16,31,2938,6,20,0.03549705993471267,1224814592
1678845978155,200,43236,3742,5706,26853.0390625,188,42422,459,49,167,7670,6,20,0.023771334639719678,1204838400
1678845944970,200,91999,3722,8072,20081.59375,75,91501,376,106,47,12422,6,20,0.008212057924687403,1228242944
1678846010856,200,28139,16482,11161,23932.0078125,92,27783,226,31,38,5840,6,20,0.0074055475104320475,1225322496
1678845883966,200,176896,11062,5539,26405.5546875,188,176552,125,204,31,17,6,20,0.009472536233261941,1277288448
1678846039554,200,114715,13522,6769,30012.5703125,235,114340,109,132,31,17,6,20,0.015236652818377654,1218707456
1678845925923,200,249739,8882,4449,31919.046875,78,249364,266,288,31,17,6,20,0.01109225552562336,1235632128
1678846193786,200,27406,18682,12291,36799.9765625,78,27109,172,32,47,5900,6,20,0.007360956062549839,1272344576
1678845973557,200,254257,11502,5759,38327.3515625,384,253765,74,293,34,17,6,20,0.01093090783729057,1214627840
1678846057110,200,228212,8062,4039,20774.6484375,110,227008,1062,262,32,17,6,20,0.019437859830551126,1194401792
1678846055071,200,237057,11022,5519,22371.140625,281,236441,303,273,32,17,6,20,0.00806627150583331,1198350336
1678846239288,200,59076,17342,13081,29527.0546875,501,58363,170,67,42,8820,6,20,0.0066923350980297525,1227431936
1678846079084,200,225496,16782,8399,31569.34375,146,225132,128,260,90,17,6,20,0.007107552217059559,1206640640
1678846172516,200,147013,8642,4329,33546.625,108,146405,456,169,44,17,6,20,0.004764677075687693,1327063040
1678846245941,200,95467,5322,9060,26493.7734375,125,94687,609,110,46,12799,6,20,0.011725452972446229,1250398208
1678846303398,200,58007,9762,9235,33951.1875,921,56961,94,66,31,8708,6,20,0.0073395271687923085,852344832
1678846359510,200,7360,9742,5618,35700.8515625,292,6924,103,8,41,1495,6,20,0.009327990915296864,1063038976
1678846379588,200,8974,5542,3718,37941.75,260,8651,25,10,38,1894,6,20,0.009316939581028208,1031188480
1678846310243,200,128696,13222,6619,20163.734375,344,128055,265,148,32,17,6,20,0.02395400410715993,948625408
1678846337692,200,102908,3142,8405,34735.625,93,102487,282,119,46,13669,6,20,0.0072524443356579635,1031962624
1678846415575,200,28263,19022,12476,38672.4140625,78,27904,250,32,31,5930,6,20,0.00778170805359172,1040732160
1678846322655,200,208869,2582,1299,22845.2578125,375,208290,94,241,110,17,6,20,0.016427271284062274,1044361216
1678846461941,200,72011,17462,13855,31917.0234375,93,71417,454,83,47,10248,6,20,0.02131449333710075,1012912128
1678846395502,200,165411,5142,2579,34256.21875,78,164864,444,191,25,17,6,20,0.010819858871269175,1040535552
1678846316458,200,259349,18162,9089,36018.4765625,372,258794,112,298,71,17,6,20,0.015190634687726001,1049919488
1678846549598,200,39723,18882,13081,20049.046875,229,39101,351,45,42,7280,6,20,0.004641434376129221,1102479360
1678846458713,200,158323,2522,1269,22539.2734375,78,157901,313,183,31,17,6,20,0.05139849357482198,1005547520
1678846607377,200,24276,10722,8019,26062.4765625,190,23974,73,28,39,5316,6,20,0.009240462174208748,1048420352
1678846457082,200,220911,16782,8399,28679.21875,1113,219673,79,254,46,17,6,20,0.007532025104208339,977014784
1678846644372,200,61490,9882,9505,36383.546875,156,61037,266,71,31,9128,1,20,0.008740770236113797,978219008
1678846593893,200,122658,12542,6279,38316.4375,125,122408,94,141,31,17,6,20,0.01384479975723395,1087983616
1678846579031,200,254679,19002,9509,20864.59375,94,254194,360,294,31,17,6,20,0.009965562467713454,1073418240
1678846709034,200,222652,12742,6379,24173.7109375,797,221558,203,256,94,17,1,20,0.0044754222721254825,960335872
1678881006333,500,289714,6082,7689,29532.375,1151,457,287126,72,979,9296,6,40,0.38631925725607147,643506176
1678881005670,500,289710,14742,8753,29572.640625,1181,413,287125,15,990,2764,6,40,0.38631925725607147,643506176
1678881005494,500,289752,5782,2899,30465.046875,1323,273,287121,174,1035,17,6,40,0.38631925725607147,643493888
1678881005833,500,289887,15362,12749,30465.046875,1381,345,287115,81,1044,10136,6,40,0.38631925725607147,643452928
1678881006027,500,289895,15562,7789,30465.046875,1554,166,287130,287,1045,17,6,40,0.38631925725607147,643452928
1678881006314,500,289776,15522,11776,30483.3984375,1166,432,287130,53,1048,8030,6,40,0.38631925725607147,643506176
1678881413761,500,158895,19162,9589,35692.3671875,572,142,157152,135,1028,17,6,40,0.46180150367495476,581234688
1678881413720,500,158876,3642,1829,35692.3671875,501,90,157180,121,1104,17,6,40,0.46180150367495476,582434816
1678881413623,500,158978,4222,2119,35692.3671875,611,213,157141,183,1013,17,6,40,0.46180150367495476,577847296
1678881413675,500,158965,10502,10081,36642.125,427,141,157315,76,1082,9660,6,40,0.46180150367495476,580984832
1678881413608,500,158990,8442,4229,36892.3359375,250,181,157470,289,1089,17,6,40,0.46180150367495476,579055616
1678881413666,500,159008,19042,11019,37151.2578125,365,161,157387,16,1095,2996,6,40,0.46180150367495476,578183168
1678881845468,500,79006,16022,8019,31542.40625,113,7,78181,143,705,17,6,40,0.23628131767096938,537505792
1678881845803,500,75669,6582,3299,31542.40625,74,6,74880,124,706,17,6,40,0.037183205042351966,537055232
1678881845634,500,77349,11602,5809,31542.40625,114,9,76527,160,696,17,6,40,0.042431458823878714,535162880
1678881845967,500,74017,16782,13893,34940.53125,98,5,73185,91,728,11004,6,40,0.02802945487598603,534192128
1678881845120,500,81142,16342,8179,35426.5546875,90,118,80182,181,751,17,6,40,0.2155374573063405,536846336
1678881845271,500,80682,6122,3069,35860.1640625,120,4,79792,244,736,17,6,40,0.2155374573063405,538648576
1678882391408,500,126533,11462,8846,34603.171875,99,4,125434,35,995,6230,6,40,0.22333053360762328,386154496
1678882391756,500,123201,2422,6755,34723.1015625,117,2,121984,92,1097,11088,6,40,0.042078721455590724,429023232
1678882391587,500,124894,16022,8019,41895.78125,118,5,123742,187,1029,17,6,40,0.0420586960844154,429080576
1678882391046,500,128496,5182,6931,42050.484375,345,143,126974,66,1034,8680,6,40,0.5450936340040747,415105024
1678882391927,500,121562,7422,10125,42143.390625,88,6,120430,110,1038,12828,6,40,0.0514994049889837,427507712
1678882391239,500,128289,4042,8130,43120.9296875,182,4,127027,104,1076,12219,6,40,0.5450936340040747,400400384
1678882539396,500,16507,9642,5884,33096.171875,553,77,15138,12,739,2126,6,40,0.466400275412472,632299520
1678882539677,500,16519,15902,7959,33096.171875,659,68,15052,195,740,17,6,40,0.466400275412472,632299520
1678882539683,500,16452,10262,5139,33096.171875,125,48,15585,154,694,17,6,40,0.466400275412472,632516608
1678882539683,500,16515,5862,2939,33767.8359375,771,37,14940,230,766,17,6,40,0.466400275412472,632721408
1678882539557,500,16524,3622,1819,34220.859375,298,82,15415,234,729,17,6,40,0.466400275412472,632303616
1678882539639,500,16645,14162,11715,34466.546875,426,122,15209,72,886,9268,6,40,0.466400275412472,631394304
1678882619593,500,72841,17862,8939,28521.7421875,390,78,71873,201,500,17,6,40,0.3571644094637939,495960064
1678882619707,500,72901,842,429,28853.8046875,1047,125,71202,150,527,17,6,40,0.3571644094637939,495996928
1678882619655,500,73013,7062,4392,32525.0078125,328,188,71903,9,593,1723,6,40,0.3571644094637939,496205824
1678882619708,500,72964,3402,2334,36521.8203125,1188,94,71076,7,606,1267,6,40,0.3571644094637939,495878144
1678882619706,500,73039,8862,9065,36521.8203125,437,156,71826,72,620,9268,6,40,0.3571644094637939,494989312
1678882619626,500,73015,18922,10756,36844.375,437,219,71733,14,626,2590,6,40,0.3571644094637939,495165440
1678882764521,500,377,402,4,22979.4921875,80,3,0,0,294,17,6,40,0.266490834331075,493416448
1678882764318,500,975,3962,4,23411.3125,160,86,0,0,729,9800,6,40,0.5451202578898525,500662272
1678882764676,500,262,10622,4,35540.3125,186,47,0,0,29,17,6,40,0.25810144887370495,492670976
1678882764847,500,105,6382,4,35821.15625,66,6,0,0,33,17,6,40,0.019176042575355403,495292416
1678882765020,500,181,7162,4,36260.6640625,143,3,1,0,34,17,6,40,0.041594677679626005,495353856
1678882765181,500,172,19242,4,36628.421875,138,7,0,0,27,17,6,40,0.02835081880793622,497762304
1678882774818,500,109,15742,4,37481.6953125,78,0,0,0,31,17,6,40,0.012148426607315757,494276608
1678882776720,500,188,2082,4,26550.453125,141,0,0,0,47,12596,6,40,0.022926979894748064,497770496
1678882778177,500,188,15302,4,27076.1640625,157,0,0,0,31,17,6,40,0.028534111823038465,513429504
1678882799134,500,90,9122,4,28172.9375,58,3,0,0,28,17,2,30,0.006719224693066892,508493824
1678882799629,500,110,3622,4,28478.21875,77,5,0,0,28,17,2,30,0.01882706898342503,512376832
1678882805128,500,395,6422,4,33921.546875,359,4,0,0,32,8372,2,30,0.018410978764158484,506920960
1678882807628,500,141,3922,4,24802.8828125,94,0,0,0,47,13437,2,30,0.0188589800106077,507342848
1678882813127,500,152,4382,4,30220.4296875,112,4,0,0,36,8204,2,30,0.014220450123070374,508960768
1678882831571,500,125,9362,4,30929.3828125,94,0,0,0,31,17,1,30,0.008074192363729336,458600448
1678882835567,500,156,7482,4,34073.8828125,110,15,0,0,31,6350,1,30,0.015570626981315571,454967296
1678882839566,500,172,4702,4,34627.875,125,16,0,0,31,17,1,30,0.019684143137092314,456736768
